Nicolas;Arabelaez;22/10/2007;Masculino;1061234563;Universidad Nacional;Fisica;sources/f2350a61c3b81c20dad6742f336754ad_edit_184257936789033.jpg

Sebastian;Molina;08/01/2006;Masculino;1013456872;Universidad del Rosario;Ciencias Politicas;sources/1835696b6f2668071c16b5da4c96ed93_edit_184341579689835.jpg

Santiago;Martinez;16/10/2007;Masculino;1130445670;Universidad el Bosque;Optometria;sources/da64403ebeb30dadddc46e4302972387.jpg

Julian;Moreno;27/12/2006;Masculino;1020260712;Universidad de la Sabana;Economia;sources/64ef9c156528a9bb1a620107d87582bb_edit_184328257239111.jpg

Daniela;Castillo;06/11/2007;Femenino;1082134555;Universidad de la Salle;Relaciones Internacionales;sources/11111.jpg

Isabella;Valencia;19/02/2005;Femenino;1120223450;Universidad Javeriana;Derecho;sources/3333333.jpg

Natalia;Castaño;12/04/2008;Femenino;111120534;Universidad Nacional;Psicologia;sources/4444444.jpg

Alicia;Zuluaga;14/01/2006;Femenino;1151234567;Universidad de los Andes;Comunicacion Social;sources/55555.jpg

Juliana;Cardenas;31/04/2007;Femenino;1211234568;Universidad Javeriana;Diseño Industrial;sources/666666.jpg


